,Reference,TypeText,AgentsWhoReference,AgentsWhoDisplay,AgentsOnBehalfOfReference,AgentsOnBehalvOfDisplay
0,9cb02794-8917-82ae-340d-177aa8d440c7,Author,Practitioner?identifier=http://hl7.org/fhir/sid/us-npi|9999914519,Dr. Wilmer32 Heidenreich818,Organization?identifier=https://github.com/synthetichealth/synthea|3f44c95d-aa3d-3385-93f7-9b0bdecc52a6,MASS LUNG AND ALLERGY PC
1,9cb02794-8917-82ae-340d-177aa8d440c7,Transmitter,Practitioner?identifier=http://hl7.org/fhir/sid/us-npi|9999914519,Dr. Wilmer32 Heidenreich818,Organization?identifier=https://github.com/synthetichealth/synthea|3f44c95d-aa3d-3385-93f7-9b0bdecc52a6,MASS LUNG AND ALLERGY PC
2,b87a446c-e2c1-afc0-d209-3013f1ad2c42,Author,Practitioner?identifier=http://hl7.org/fhir/sid/us-npi|9999949209,Dr. Hoyt490 Herman763,Organization?identifier=https://github.com/synthetichealth/synthea|060d4631-3566-3d04-9205-2827b0f87c2e,PCP144782
3,b87a446c-e2c1-afc0-d209-3013f1ad2c42,Transmitter,Practitioner?identifier=http://hl7.org/fhir/sid/us-npi|9999949209,Dr. Hoyt490 Herman763,Organization?identifier=https://github.com/synthetichealth/synthea|060d4631-3566-3d04-9205-2827b0f87c2e,PCP144782
4,ca70682d-4117-b4b4-03b4-ab7e17a8ec51,Author,Practitioner?identifier=http://hl7.org/fhir/sid/us-npi|9999999389,Dr. Loma263 Funk324,Organization?identifier=https://github.com/synthetichealth/synthea|9b4b04bd-4ac0-386e-94fb-5aead18273c3,MEDEXPRESS URGENT CARE PC MASSACHUSETTS
5,ca70682d-4117-b4b4-03b4-ab7e17a8ec51,Transmitter,Practitioner?identifier=http://hl7.org/fhir/sid/us-npi|9999999389,Dr. Loma263 Funk324,Organization?identifier=https://github.com/synthetichealth/synthea|9b4b04bd-4ac0-386e-94fb-5aead18273c3,MEDEXPRESS URGENT CARE PC MASSACHUSETTS
6,ea16804f-0a72-c4fb-1cf9-b3feae81cfde,Author,Practitioner?identifier=http://hl7.org/fhir/sid/us-npi|9999999699,Dr. Teodora360 Kihn564,Organization?identifier=https://github.com/synthetichealth/synthea|b3661782-f15b-3733-aec0-48bc100379f8,"STANLEY STREET TREATMENT AND RESOURCES, INC"
7,ea16804f-0a72-c4fb-1cf9-b3feae81cfde,Transmitter,Practitioner?identifier=http://hl7.org/fhir/sid/us-npi|9999999699,Dr. Teodora360 Kihn564,Organization?identifier=https://github.com/synthetichealth/synthea|b3661782-f15b-3733-aec0-48bc100379f8,"STANLEY STREET TREATMENT AND RESOURCES, INC"
8,bb9594e6-be20-83d7-2883-edfa309b0e60,Author,Practitioner?identifier=http://hl7.org/fhir/sid/us-npi|9999944949,Dr. Jayson808 Keeling57,Organization?identifier=https://github.com/synthetichealth/synthea|5a5794d7-84aa-3346-9dd4-202e7059dd68,PCP170405
9,bb9594e6-be20-83d7-2883-edfa309b0e60,Transmitter,Practitioner?identifier=http://hl7.org/fhir/sid/us-npi|9999944949,Dr. Jayson808 Keeling57,Organization?identifier=https://github.com/synthetichealth/synthea|5a5794d7-84aa-3346-9dd4-202e7059dd68,PCP170405
10,9efe1256-dcad-8d92-4701-6ae6571c02f6,Author,Practitioner?identifier=http://hl7.org/fhir/sid/us-npi|9999999599,Dr. Jocelyn538 Green467,Organization?identifier=https://github.com/synthetichealth/synthea|a30bb886-a567-3d82-a3ab-8bf1f45bc55a,PCP45409
11,9efe1256-dcad-8d92-4701-6ae6571c02f6,Transmitter,Practitioner?identifier=http://hl7.org/fhir/sid/us-npi|9999999599,Dr. Jocelyn538 Green467,Organization?identifier=https://github.com/synthetichealth/synthea|a30bb886-a567-3d82-a3ab-8bf1f45bc55a,PCP45409
12,2e1c7154-5151-38c5-2cb2-f129f0061060,Author,Practitioner?identifier=http://hl7.org/fhir/sid/us-npi|9999934079,Dr. Willie882 Ebert178,Organization?identifier=https://github.com/synthetichealth/synthea|1eee58f9-f10d-3d2c-8752-380e35863aaf,PCP222354
13,2e1c7154-5151-38c5-2cb2-f129f0061060,Transmitter,Practitioner?identifier=http://hl7.org/fhir/sid/us-npi|9999934079,Dr. Willie882 Ebert178,Organization?identifier=https://github.com/synthetichealth/synthea|1eee58f9-f10d-3d2c-8752-380e35863aaf,PCP222354
14,e3bee932-15de-46c7-430e-a0e9d9e1433c,Author,Practitioner?identifier=http://hl7.org/fhir/sid/us-npi|9999999369,Dr. Reinaldo138 Zieme486,Organization?identifier=https://github.com/synthetichealth/synthea|72a10c1a-ee7c-3a01-97b1-33f63244c13e,Edith Nourse Rogers Memorial Veterans Hospital (Bedford VA)
15,e3bee932-15de-46c7-430e-a0e9d9e1433c,Transmitter,Practitioner?identifier=http://hl7.org/fhir/sid/us-npi|9999999369,Dr. Reinaldo138 Zieme486,Organization?identifier=https://github.com/synthetichealth/synthea|72a10c1a-ee7c-3a01-97b1-33f63244c13e,Edith Nourse Rogers Memorial Veterans Hospital (Bedford VA)
16,bdd0bc42-661b-0841-be8a-a69334c9ac4b,Author,Practitioner?identifier=http://hl7.org/fhir/sid/us-npi|9999999759,Dr. Willena258 Oberbrunner298,Organization?identifier=https://github.com/synthetichealth/synthea|1bb7b497-035a-3900-b573-c43417841279,NEPHROLOGY ASSSOCIATES OF THE MERRIMACK VALLEY PC
17,bdd0bc42-661b-0841-be8a-a69334c9ac4b,Transmitter,Practitioner?identifier=http://hl7.org/fhir/sid/us-npi|9999999759,Dr. Willena258 Oberbrunner298,Organization?identifier=https://github.com/synthetichealth/synthea|1bb7b497-035a-3900-b573-c43417841279,NEPHROLOGY ASSSOCIATES OF THE MERRIMACK VALLEY PC
18,2c71cded-ab89-393c-58e9-91d17cde96a3,Author,Practitioner?identifier=http://hl7.org/fhir/sid/us-npi|9999929769,Dr. Isaac321 Hudson301,Organization?identifier=https://github.com/synthetichealth/synthea|c1bf7bfd-7287-37cc-9836-cf77704c49a7,VHM SERVICES INC
19,2c71cded-ab89-393c-58e9-91d17cde96a3,Transmitter,Practitioner?identifier=http://hl7.org/fhir/sid/us-npi|9999929769,Dr. Isaac321 Hudson301,Organization?identifier=https://github.com/synthetichealth/synthea|c1bf7bfd-7287-37cc-9836-cf77704c49a7,VHM SERVICES INC
20,25e5fb6b-40c0-c6c8-afb4-ab010a5efb5b,Author,Practitioner?identifier=http://hl7.org/fhir/sid/us-npi|9999999949,Dr. Tuan998 Fadel536,Organization?identifier=https://github.com/synthetichealth/synthea|90e78970-c3ed-39a9-8b9a-97700d39d21b,PCP25388
21,25e5fb6b-40c0-c6c8-afb4-ab010a5efb5b,Transmitter,Practitioner?identifier=http://hl7.org/fhir/sid/us-npi|9999999949,Dr. Tuan998 Fadel536,Organization?identifier=https://github.com/synthetichealth/synthea|90e78970-c3ed-39a9-8b9a-97700d39d21b,PCP25388
22,40658837-ad1d-8862-701a-7b6e96487f3b,Author,Practitioner?identifier=http://hl7.org/fhir/sid/us-npi|9999999479,Dr. Demetrice140 Crooks415,Organization?identifier=https://github.com/synthetichealth/synthea|fdc3af23-0b3a-315f-a120-57b689c7cf42,PCP19321
23,40658837-ad1d-8862-701a-7b6e96487f3b,Transmitter,Practitioner?identifier=http://hl7.org/fhir/sid/us-npi|9999999479,Dr. Demetrice140 Crooks415,Organization?identifier=https://github.com/synthetichealth/synthea|fdc3af23-0b3a-315f-a120-57b689c7cf42,PCP19321
24,d668e492-f31e-8286-294f-fc4a6d2d41fb,Author,Practitioner?identifier=http://hl7.org/fhir/sid/us-npi|9999977079,Dr. Ted955 Beer512,Organization?identifier=https://github.com/synthetichealth/synthea|bee8ade0-a897-3e82-a3db-d8f0d96eeac1,"SANDWICH PHYSICAL THERAPY, INC"
25,d668e492-f31e-8286-294f-fc4a6d2d41fb,Transmitter,Practitioner?identifier=http://hl7.org/fhir/sid/us-npi|9999977079,Dr. Ted955 Beer512,Organization?identifier=https://github.com/synthetichealth/synthea|bee8ade0-a897-3e82-a3db-d8f0d96eeac1,"SANDWICH PHYSICAL THERAPY, INC"
26,8404f714-f1a1-7c25-1eda-1669c8c4fd87,Author,Practitioner?identifier=http://hl7.org/fhir/sid/us-npi|9999907909,Dr. Milo271 Stanton715,Organization?identifier=https://github.com/synthetichealth/synthea|aafc7529-1a22-32ec-a06d-a6c6163c766e,PERFORMANCE REHABILITATION OF WESTERN NEW ENGLAND LLC
27,8404f714-f1a1-7c25-1eda-1669c8c4fd87,Transmitter,Practitioner?identifier=http://hl7.org/fhir/sid/us-npi|9999907909,Dr. Milo271 Stanton715,Organization?identifier=https://github.com/synthetichealth/synthea|aafc7529-1a22-32ec-a06d-a6c6163c766e,PERFORMANCE REHABILITATION OF WESTERN NEW ENGLAND LLC
28,b668ddc8-3944-5211-c77a-2c4085f0d39f,Author,Practitioner?identifier=http://hl7.org/fhir/sid/us-npi|9999998629,Dr. Chia293 Jerde200,Organization?identifier=https://github.com/synthetichealth/synthea|e1053175-7c18-3f57-9814-3e77d8080c14,PCP905
29,b668ddc8-3944-5211-c77a-2c4085f0d39f,Transmitter,Practitioner?identifier=http://hl7.org/fhir/sid/us-npi|9999998629,Dr. Chia293 Jerde200,Organization?identifier=https://github.com/synthetichealth/synthea|e1053175-7c18-3f57-9814-3e77d8080c14,PCP905
30,4f1e155f-94ce-524c-a858-ecbd134cf3c7,Author,Practitioner?identifier=http://hl7.org/fhir/sid/us-npi|9999945279,Dr. Myrna889 Schmitt836,Organization?identifier=https://github.com/synthetichealth/synthea|a5279ffe-ed11-3c48-85ac-93eb2e3a37d7,GUARDIAN BROCKTON PC
31,4f1e155f-94ce-524c-a858-ecbd134cf3c7,Transmitter,Practitioner?identifier=http://hl7.org/fhir/sid/us-npi|9999945279,Dr. Myrna889 Schmitt836,Organization?identifier=https://github.com/synthetichealth/synthea|a5279ffe-ed11-3c48-85ac-93eb2e3a37d7,GUARDIAN BROCKTON PC
32,8909f5f7-2e60-c508-7f27-15ed399c368b,Author,Practitioner?identifier=http://hl7.org/fhir/sid/us-npi|9999999779,Dr. Ingrid581 Jacobson885,Organization?identifier=https://github.com/synthetichealth/synthea|65583707-3e0a-35e3-8c0a-37df9efe0b23,PCP10332
33,8909f5f7-2e60-c508-7f27-15ed399c368b,Transmitter,Practitioner?identifier=http://hl7.org/fhir/sid/us-npi|9999999779,Dr. Ingrid581 Jacobson885,Organization?identifier=https://github.com/synthetichealth/synthea|65583707-3e0a-35e3-8c0a-37df9efe0b23,PCP10332
34,74f0d960-3e7e-56b7-9981-0d4acc025e5b,Author,Practitioner?identifier=http://hl7.org/fhir/sid/us-npi|9999999569,Dr. Andrea7 Hirthe744,Organization?identifier=https://github.com/synthetichealth/synthea|36c306c3-9047-3df7-95a2-7332ed8a9f03,PCP22036
35,74f0d960-3e7e-56b7-9981-0d4acc025e5b,Transmitter,Practitioner?identifier=http://hl7.org/fhir/sid/us-npi|9999999569,Dr. Andrea7 Hirthe744,Organization?identifier=https://github.com/synthetichealth/synthea|36c306c3-9047-3df7-95a2-7332ed8a9f03,PCP22036
36,bddd41c5-cb13-2bcc-822b-467c4c09bd99,Author,Practitioner?identifier=http://hl7.org/fhir/sid/us-npi|9999999579,Dr. Darrick836 Franecki195,Organization?identifier=https://github.com/synthetichealth/synthea|e8d8a9f4-f800-390b-84d3-2a3c2f802660,CARL GUSTAFSON LLC
37,bddd41c5-cb13-2bcc-822b-467c4c09bd99,Transmitter,Practitioner?identifier=http://hl7.org/fhir/sid/us-npi|9999999579,Dr. Darrick836 Franecki195,Organization?identifier=https://github.com/synthetichealth/synthea|e8d8a9f4-f800-390b-84d3-2a3c2f802660,CARL GUSTAFSON LLC
38,5e762907-4041-49db-0058-d5f4ddf7b418,Author,Practitioner?identifier=http://hl7.org/fhir/sid/us-npi|9999960799,Dr. Lianne167 Armstrong51,Organization?identifier=https://github.com/synthetichealth/synthea|524c18ff-973f-312c-92b1-5794da94c565,PCP80177
39,5e762907-4041-49db-0058-d5f4ddf7b418,Transmitter,Practitioner?identifier=http://hl7.org/fhir/sid/us-npi|9999960799,Dr. Lianne167 Armstrong51,Organization?identifier=https://github.com/synthetichealth/synthea|524c18ff-973f-312c-92b1-5794da94c565,PCP80177
40,aba9e70f-0349-9639-5d65-a3767f92f20f,Author,Practitioner?identifier=http://hl7.org/fhir/sid/us-npi|9999945239,Dr. Anton902 Graham902,Organization?identifier=https://github.com/synthetichealth/synthea|b6cc5a2b-26bc-32df-ba4c-622162a8a584,PCP169387
41,aba9e70f-0349-9639-5d65-a3767f92f20f,Transmitter,Practitioner?identifier=http://hl7.org/fhir/sid/us-npi|9999945239,Dr. Anton902 Graham902,Organization?identifier=https://github.com/synthetichealth/synthea|b6cc5a2b-26bc-32df-ba4c-622162a8a584,PCP169387
42,eae17b61-6f62-0642-b03a-91490b14dad4,Author,Practitioner?identifier=http://hl7.org/fhir/sid/us-npi|9999907519,Dr. Alberto639 Muller251,Organization?identifier=https://github.com/synthetichealth/synthea|9fb8c6bc-bd85-34d7-84e6-d453d76bef64,PCP356252
43,eae17b61-6f62-0642-b03a-91490b14dad4,Transmitter,Practitioner?identifier=http://hl7.org/fhir/sid/us-npi|9999907519,Dr. Alberto639 Muller251,Organization?identifier=https://github.com/synthetichealth/synthea|9fb8c6bc-bd85-34d7-84e6-d453d76bef64,PCP356252
44,f1ae8e11-51ce-7812-ed77-ea88088e6408,Author,Practitioner?identifier=http://hl7.org/fhir/sid/us-npi|9999967609,Dr. Sharyn437 Hand679,Organization?identifier=https://github.com/synthetichealth/synthea|18414176-20e6-3d19-8b99-2be506d05260,PCP59391
45,f1ae8e11-51ce-7812-ed77-ea88088e6408,Transmitter,Practitioner?identifier=http://hl7.org/fhir/sid/us-npi|9999967609,Dr. Sharyn437 Hand679,Organization?identifier=https://github.com/synthetichealth/synthea|18414176-20e6-3d19-8b99-2be506d05260,PCP59391
46,4181ba4e-ca9f-e6c5-c819-1b28158426f5,Author,Practitioner?identifier=http://hl7.org/fhir/sid/us-npi|9999999499,Dr. Regena252 Kunde533,Organization?identifier=https://github.com/synthetichealth/synthea|b8656d32-23d9-392f-ac0e-2b4a03815fa5,PCP147396
47,4181ba4e-ca9f-e6c5-c819-1b28158426f5,Transmitter,Practitioner?identifier=http://hl7.org/fhir/sid/us-npi|9999999499,Dr. Regena252 Kunde533,Organization?identifier=https://github.com/synthetichealth/synthea|b8656d32-23d9-392f-ac0e-2b4a03815fa5,PCP147396
48,879e6aa0-c692-5bd5-3c99-2901f3978707,Author,Practitioner?identifier=http://hl7.org/fhir/sid/us-npi|9999999459,Dr. Sandy901 Turner526,Organization?identifier=https://github.com/synthetichealth/synthea|86db1590-c568-39d8-9d28-add256c6f13e,DEBS CHIROPRACTIC P.C.
49,879e6aa0-c692-5bd5-3c99-2901f3978707,Transmitter,Practitioner?identifier=http://hl7.org/fhir/sid/us-npi|9999999459,Dr. Sandy901 Turner526,Organization?identifier=https://github.com/synthetichealth/synthea|86db1590-c568-39d8-9d28-add256c6f13e,DEBS CHIROPRACTIC P.C.
50,d56f6091-80ed-41a1-b38b-0f9385d7a784,Author,Practitioner?identifier=http://hl7.org/fhir/sid/us-npi|9999999499,Dr. Regena252 Kunde533,Organization?identifier=https://github.com/synthetichealth/synthea|27836bf9-d4b9-3f29-8ac1-fda68caf7f88,MEDICAL CARE OF BOSTON MANAGEMENT CORPORATION
51,d56f6091-80ed-41a1-b38b-0f9385d7a784,Transmitter,Practitioner?identifier=http://hl7.org/fhir/sid/us-npi|9999999499,Dr. Regena252 Kunde533,Organization?identifier=https://github.com/synthetichealth/synthea|27836bf9-d4b9-3f29-8ac1-fda68caf7f88,MEDICAL CARE OF BOSTON MANAGEMENT CORPORATION
52,239437f2-1733-c348-2b41-7548ba9ecc25,Author,Practitioner?identifier=http://hl7.org/fhir/sid/us-npi|9999999319,Dr. Hobert364 King743,Organization?identifier=https://github.com/synthetichealth/synthea|05462bf2-25d4-3ecd-afdf-bb3e1140929a,Causeway OPC
53,239437f2-1733-c348-2b41-7548ba9ecc25,Transmitter,Practitioner?identifier=http://hl7.org/fhir/sid/us-npi|9999999319,Dr. Hobert364 King743,Organization?identifier=https://github.com/synthetichealth/synthea|05462bf2-25d4-3ecd-afdf-bb3e1140929a,Causeway OPC
54,ebf77b3c-93d0-bd4f-d4c9-290ad256f147,Author,Practitioner?identifier=http://hl7.org/fhir/sid/us-npi|9999999569,Dr. Andrea7 Hirthe744,Organization?identifier=https://github.com/synthetichealth/synthea|8b4b677d-7657-3423-9604-b1411b0bd7ea,BENNETT FAMILY EYE CARE PC
55,ebf77b3c-93d0-bd4f-d4c9-290ad256f147,Transmitter,Practitioner?identifier=http://hl7.org/fhir/sid/us-npi|9999999569,Dr. Andrea7 Hirthe744,Organization?identifier=https://github.com/synthetichealth/synthea|8b4b677d-7657-3423-9604-b1411b0bd7ea,BENNETT FAMILY EYE CARE PC
56,567623f5-630f-012e-4e23-26bffb2e79cd,Author,Practitioner?identifier=http://hl7.org/fhir/sid/us-npi|9999999499,Dr. Regena252 Kunde533,Organization?identifier=https://github.com/synthetichealth/synthea|b8656d32-23d9-392f-ac0e-2b4a03815fa5,PCP147396
57,567623f5-630f-012e-4e23-26bffb2e79cd,Transmitter,Practitioner?identifier=http://hl7.org/fhir/sid/us-npi|9999999499,Dr. Regena252 Kunde533,Organization?identifier=https://github.com/synthetichealth/synthea|b8656d32-23d9-392f-ac0e-2b4a03815fa5,PCP147396
58,c45699d6-c330-0acc-7186-42473cc32b26,Author,Practitioner?identifier=http://hl7.org/fhir/sid/us-npi|9999999679,Dr. Henry768 Paucek755,Organization?identifier=https://github.com/synthetichealth/synthea|5f3f1316-9911-3702-bf05-7db034c53b9d,HOLYOKE HEALTH CENTER INC.
59,c45699d6-c330-0acc-7186-42473cc32b26,Transmitter,Practitioner?identifier=http://hl7.org/fhir/sid/us-npi|9999999679,Dr. Henry768 Paucek755,Organization?identifier=https://github.com/synthetichealth/synthea|5f3f1316-9911-3702-bf05-7db034c53b9d,HOLYOKE HEALTH CENTER INC.
60,618386c5-96b0-fd61-607a-e41a0bc8c18b,Author,Practitioner?identifier=http://hl7.org/fhir/sid/us-npi|9999968879,Dr. Eleanore671 Kiehn525,Organization?identifier=https://github.com/synthetichealth/synthea|ea26f841-7a69-3b1c-9246-827f31e5f750,"VALLEY CHIROPRACTIC AND REHABILITATION, LLC"
61,618386c5-96b0-fd61-607a-e41a0bc8c18b,Transmitter,Practitioner?identifier=http://hl7.org/fhir/sid/us-npi|9999968879,Dr. Eleanore671 Kiehn525,Organization?identifier=https://github.com/synthetichealth/synthea|ea26f841-7a69-3b1c-9246-827f31e5f750,"VALLEY CHIROPRACTIC AND REHABILITATION, LLC"
62,22279a0b-e478-8f61-5e9a-5971695d5562,Author,Practitioner?identifier=http://hl7.org/fhir/sid/us-npi|9999999739,Dr. Douglass930 Windler79,Organization?identifier=https://github.com/synthetichealth/synthea|86f5a86b-9cb4-3b31-9ef1-4694e3fc359e,MEDEXPRESS URGENT CARE PC MASSACHUSETTS
63,22279a0b-e478-8f61-5e9a-5971695d5562,Transmitter,Practitioner?identifier=http://hl7.org/fhir/sid/us-npi|9999999739,Dr. Douglass930 Windler79,Organization?identifier=https://github.com/synthetichealth/synthea|86f5a86b-9cb4-3b31-9ef1-4694e3fc359e,MEDEXPRESS URGENT CARE PC MASSACHUSETTS
64,a2103446-657c-6cb8-2d72-ccbb15c0b223,Author,Practitioner?identifier=http://hl7.org/fhir/sid/us-npi|9999999349,Dr. Aron520 Botsford977,Organization?identifier=https://github.com/synthetichealth/synthea|be4c63f3-8d38-3fa9-a183-62045b5c85f6,"VA Boston Healthcare System, Jamaica Plain Campus"
65,a2103446-657c-6cb8-2d72-ccbb15c0b223,Transmitter,Practitioner?identifier=http://hl7.org/fhir/sid/us-npi|9999999349,Dr. Aron520 Botsford977,Organization?identifier=https://github.com/synthetichealth/synthea|be4c63f3-8d38-3fa9-a183-62045b5c85f6,"VA Boston Healthcare System, Jamaica Plain Campus"
66,aa0ed218-8b2a-41fa-590f-4d244f6c4f3c,Author,Practitioner?identifier=http://hl7.org/fhir/sid/us-npi|9999976849,Dr. Kasi212 Runolfsson901,Organization?identifier=https://github.com/synthetichealth/synthea|33145183-be4b-3f49-809e-05a81cce7ecd,PCP34313
67,aa0ed218-8b2a-41fa-590f-4d244f6c4f3c,Transmitter,Practitioner?identifier=http://hl7.org/fhir/sid/us-npi|9999976849,Dr. Kasi212 Runolfsson901,Organization?identifier=https://github.com/synthetichealth/synthea|33145183-be4b-3f49-809e-05a81cce7ecd,PCP34313
68,dcfa5734-0a0b-568c-7bc6-8d78e87e01d2,Author,Practitioner?identifier=http://hl7.org/fhir/sid/us-npi|9999915689,Dr. Rolland302 Morissette863,Organization?identifier=https://github.com/synthetichealth/synthea|23efc2cd-79d6-327e-8935-1b8be6b2b15d,NEW HORIZON LLC
69,dcfa5734-0a0b-568c-7bc6-8d78e87e01d2,Transmitter,Practitioner?identifier=http://hl7.org/fhir/sid/us-npi|9999915689,Dr. Rolland302 Morissette863,Organization?identifier=https://github.com/synthetichealth/synthea|23efc2cd-79d6-327e-8935-1b8be6b2b15d,NEW HORIZON LLC
70,8bb16982-fd3b-00f0-6e5d-155039743cf8,Author,Practitioner?identifier=http://hl7.org/fhir/sid/us-npi|9999999949,Dr. Tuan998 Fadel536,Organization?identifier=https://github.com/synthetichealth/synthea|54799031-edf6-324e-8215-66500ec5fce4,PCP5308
71,8bb16982-fd3b-00f0-6e5d-155039743cf8,Transmitter,Practitioner?identifier=http://hl7.org/fhir/sid/us-npi|9999999949,Dr. Tuan998 Fadel536,Organization?identifier=https://github.com/synthetichealth/synthea|54799031-edf6-324e-8215-66500ec5fce4,PCP5308
72,50117896-df5d-f79f-68bc-632703141b58,Author,Practitioner?identifier=http://hl7.org/fhir/sid/us-npi|9999927269,Dr. Jae222 Barton704,Organization?identifier=https://github.com/synthetichealth/synthea|9e3ea8bf-f6f8-30fa-9c61-1c7fff068085,PCP263816
73,50117896-df5d-f79f-68bc-632703141b58,Transmitter,Practitioner?identifier=http://hl7.org/fhir/sid/us-npi|9999927269,Dr. Jae222 Barton704,Organization?identifier=https://github.com/synthetichealth/synthea|9e3ea8bf-f6f8-30fa-9c61-1c7fff068085,PCP263816
74,795202a1-f371-293f-f6a5-5e09aaa8e8ca,Author,Practitioner?identifier=http://hl7.org/fhir/sid/us-npi|9999988259,Dr. Richard937 Hackett68,Organization?identifier=https://github.com/synthetichealth/synthea|cfefc3e1-bedd-379a-a1ff-33e84c2e39f9,PCP17060
75,795202a1-f371-293f-f6a5-5e09aaa8e8ca,Transmitter,Practitioner?identifier=http://hl7.org/fhir/sid/us-npi|9999988259,Dr. Richard937 Hackett68,Organization?identifier=https://github.com/synthetichealth/synthea|cfefc3e1-bedd-379a-a1ff-33e84c2e39f9,PCP17060
76,63a58cbe-a8d7-3119-6a41-cfaf23d25f77,Author,Practitioner?identifier=http://hl7.org/fhir/sid/us-npi|9999999339,Dr. Lon587 Quitzon246,Organization?identifier=https://github.com/synthetichealth/synthea|a7500efb-720b-3e44-990a-0c3edc5a3990,"VA Boston Healthcare System, West Roxbury Campus"
77,63a58cbe-a8d7-3119-6a41-cfaf23d25f77,Transmitter,Practitioner?identifier=http://hl7.org/fhir/sid/us-npi|9999999339,Dr. Lon587 Quitzon246,Organization?identifier=https://github.com/synthetichealth/synthea|a7500efb-720b-3e44-990a-0c3edc5a3990,"VA Boston Healthcare System, West Roxbury Campus"
78,5432f693-b46d-8c57-e8f5-688162ea77a7,Author,Practitioner?identifier=http://hl7.org/fhir/sid/us-npi|9999999489,Dr. Keven605 Mueller846,Organization?identifier=https://github.com/synthetichealth/synthea|e6b2bab4-1440-3cc9-8e7f-95f934a528cb,"WORCESTER DERMATOLOGY ASSOCIATES, P.C."
79,5432f693-b46d-8c57-e8f5-688162ea77a7,Transmitter,Practitioner?identifier=http://hl7.org/fhir/sid/us-npi|9999999489,Dr. Keven605 Mueller846,Organization?identifier=https://github.com/synthetichealth/synthea|e6b2bab4-1440-3cc9-8e7f-95f934a528cb,"WORCESTER DERMATOLOGY ASSOCIATES, P.C."
80,7e44ff49-8fe6-f6af-0dc4-c78bad96b917,Author,Practitioner?identifier=http://hl7.org/fhir/sid/us-npi|9999999909,Dr. Burt293 Quigley282,Organization?identifier=https://github.com/synthetichealth/synthea|17c812a7-a347-3489-9d17-351072a2a1e5,HARRINGTON PHYSICIAN SERVICES INC
81,7e44ff49-8fe6-f6af-0dc4-c78bad96b917,Transmitter,Practitioner?identifier=http://hl7.org/fhir/sid/us-npi|9999999909,Dr. Burt293 Quigley282,Organization?identifier=https://github.com/synthetichealth/synthea|17c812a7-a347-3489-9d17-351072a2a1e5,HARRINGTON PHYSICIAN SERVICES INC
82,80f77248-0cbb-36b6-2dae-5fca20ba940a,Author,Practitioner?identifier=http://hl7.org/fhir/sid/us-npi|9999999579,Dr. Darrick836 Franecki195,Organization?identifier=https://github.com/synthetichealth/synthea|851964ad-fff8-3ab6-aba0-4f85090f0041,PCP260628
83,80f77248-0cbb-36b6-2dae-5fca20ba940a,Transmitter,Practitioner?identifier=http://hl7.org/fhir/sid/us-npi|9999999579,Dr. Darrick836 Franecki195,Organization?identifier=https://github.com/synthetichealth/synthea|851964ad-fff8-3ab6-aba0-4f85090f0041,PCP260628
84,982745ea-332c-0a04-5750-194b42b2bf90,Author,Practitioner?identifier=http://hl7.org/fhir/sid/us-npi|9999999849,Dr. Dinah304 Schaefer657,Organization?identifier=https://github.com/synthetichealth/synthea|b0001afb-4ac8-31f8-84c8-5496feb2613b,PCP27358
85,982745ea-332c-0a04-5750-194b42b2bf90,Transmitter,Practitioner?identifier=http://hl7.org/fhir/sid/us-npi|9999999849,Dr. Dinah304 Schaefer657,Organization?identifier=https://github.com/synthetichealth/synthea|b0001afb-4ac8-31f8-84c8-5496feb2613b,PCP27358
86,9bafb047-146c-38af-af22-6fc28f60db47,Author,Practitioner?identifier=http://hl7.org/fhir/sid/us-npi|9999999969,Dr. Whitney250 Wyman904,Organization?identifier=https://github.com/synthetichealth/synthea|bbfbed2d-7be4-36d7-be7a-a4d488c5a9c7,VK NEW ENGLAND MANAGEMENT LLC
87,9bafb047-146c-38af-af22-6fc28f60db47,Transmitter,Practitioner?identifier=http://hl7.org/fhir/sid/us-npi|9999999969,Dr. Whitney250 Wyman904,Organization?identifier=https://github.com/synthetichealth/synthea|bbfbed2d-7be4-36d7-be7a-a4d488c5a9c7,VK NEW ENGLAND MANAGEMENT LLC
88,7abffc09-6e25-d495-e319-0134a8a25414,Author,Practitioner?identifier=http://hl7.org/fhir/sid/us-npi|9999974439,Dr. Marylynn944 Parker433,Organization?identifier=https://github.com/synthetichealth/synthea|01c02123-5d0f-3ef4-ae1c-cc91518f729a,PCP38777
89,7abffc09-6e25-d495-e319-0134a8a25414,Transmitter,Practitioner?identifier=http://hl7.org/fhir/sid/us-npi|9999974439,Dr. Marylynn944 Parker433,Organization?identifier=https://github.com/synthetichealth/synthea|01c02123-5d0f-3ef4-ae1c-cc91518f729a,PCP38777
90,c31d81eb-8019-6bd0-657c-ee2cceb3d84f,Author,Practitioner?identifier=http://hl7.org/fhir/sid/us-npi|9999999729,Dr. Berry486 Borer986,Organization?identifier=https://github.com/synthetichealth/synthea|d49e6f3e-feab-38e0-adeb-6d0cc8a92c5e,PCP920
91,c31d81eb-8019-6bd0-657c-ee2cceb3d84f,Transmitter,Practitioner?identifier=http://hl7.org/fhir/sid/us-npi|9999999729,Dr. Berry486 Borer986,Organization?identifier=https://github.com/synthetichealth/synthea|d49e6f3e-feab-38e0-adeb-6d0cc8a92c5e,PCP920
92,fc34682e-c8eb-904e-ca7d-9f1b9b5877de,Author,Practitioner?identifier=http://hl7.org/fhir/sid/us-npi|9999999509,Dr. Courtney281 Bradtke547,Organization?identifier=https://github.com/synthetichealth/synthea|a3433bf7-1c6e-35b1-be8f-9726b66453c3,PCP356558
93,fc34682e-c8eb-904e-ca7d-9f1b9b5877de,Transmitter,Practitioner?identifier=http://hl7.org/fhir/sid/us-npi|9999999509,Dr. Courtney281 Bradtke547,Organization?identifier=https://github.com/synthetichealth/synthea|a3433bf7-1c6e-35b1-be8f-9726b66453c3,PCP356558
94,e9428c8e-b53a-c5b7-eed7-6aa161964de9,Author,Practitioner?identifier=http://hl7.org/fhir/sid/us-npi|9999999479,Dr. Demetrice140 Crooks415,Organization?identifier=https://github.com/synthetichealth/synthea|f99e1ab6-356b-3d7b-ac1e-43282af0f318,GREATER LOWELL FAMILY PRACTICE PC
95,e9428c8e-b53a-c5b7-eed7-6aa161964de9,Transmitter,Practitioner?identifier=http://hl7.org/fhir/sid/us-npi|9999999479,Dr. Demetrice140 Crooks415,Organization?identifier=https://github.com/synthetichealth/synthea|f99e1ab6-356b-3d7b-ac1e-43282af0f318,GREATER LOWELL FAMILY PRACTICE PC
96,7dafc51a-2d98-76db-35a0-4c97a4428117,Author,Practitioner?identifier=http://hl7.org/fhir/sid/us-npi|9999910769,Dr. Long300 Stiedemann542,Organization?identifier=https://github.com/synthetichealth/synthea|c6d61641-fb92-3b0a-b405-979248ecfb33,MILFORD REGIONAL PHYSICIAN GROUP INC
97,7dafc51a-2d98-76db-35a0-4c97a4428117,Transmitter,Practitioner?identifier=http://hl7.org/fhir/sid/us-npi|9999910769,Dr. Long300 Stiedemann542,Organization?identifier=https://github.com/synthetichealth/synthea|c6d61641-fb92-3b0a-b405-979248ecfb33,MILFORD REGIONAL PHYSICIAN GROUP INC
98,68881ce9-f3e2-b5c7-ec0c-14e03d830b55,Author,Practitioner?identifier=http://hl7.org/fhir/sid/us-npi|9999999449,Dr. Leesa210 Lehner980,Organization?identifier=https://github.com/synthetichealth/synthea|c1414e2c-48df-3428-92a4-ac36114a2a45,ORTHOPEDIC AND SPORTS PHYSICAL THERAPY OF CAPE COD LLC
99,68881ce9-f3e2-b5c7-ec0c-14e03d830b55,Transmitter,Practitioner?identifier=http://hl7.org/fhir/sid/us-npi|9999999449,Dr. Leesa210 Lehner980,Organization?identifier=https://github.com/synthetichealth/synthea|c1414e2c-48df-3428-92a4-ac36114a2a45,ORTHOPEDIC AND SPORTS PHYSICAL THERAPY OF CAPE COD LLC
100,4f776520-f9b7-cbfb-48a3-4c744050926f,Author,Practitioner?identifier=http://hl7.org/fhir/sid/us-npi|9999949259,Dr. Rufus33 Bailey598,Organization?identifier=https://github.com/synthetichealth/synthea|c12c97f4-4850-39a7-b872-353fc761a4c8,PCP144552
101,4f776520-f9b7-cbfb-48a3-4c744050926f,Transmitter,Practitioner?identifier=http://hl7.org/fhir/sid/us-npi|9999949259,Dr. Rufus33 Bailey598,Organization?identifier=https://github.com/synthetichealth/synthea|c12c97f4-4850-39a7-b872-353fc761a4c8,PCP144552
102,17da5677-3550-0014-5885-5ec0e5552429,Author,Practitioner?identifier=http://hl7.org/fhir/sid/us-npi|9999999709,Dr. Antwan357 Harris789,Organization?identifier=https://github.com/synthetichealth/synthea|6dcd2ac0-8dc2-3970-bb7d-5091f6b97d08,"STEWARD MEDICAL GROUP, INC"
103,17da5677-3550-0014-5885-5ec0e5552429,Transmitter,Practitioner?identifier=http://hl7.org/fhir/sid/us-npi|9999999709,Dr. Antwan357 Harris789,Organization?identifier=https://github.com/synthetichealth/synthea|6dcd2ac0-8dc2-3970-bb7d-5091f6b97d08,"STEWARD MEDICAL GROUP, INC"
104,947460e0-8e85-4763-dde4-cb7190a70d51,Author,Practitioner?identifier=http://hl7.org/fhir/sid/us-npi|9999989179,Dr. Jay242 Stoltenberg489,Organization?identifier=https://github.com/synthetichealth/synthea|48df8958-5f7e-3f9a-a43e-6ca6aa4cd55c,"MOUNT AUBURN PHYSICAL THERAPY ASSOCIATES, PC"
105,947460e0-8e85-4763-dde4-cb7190a70d51,Transmitter,Practitioner?identifier=http://hl7.org/fhir/sid/us-npi|9999989179,Dr. Jay242 Stoltenberg489,Organization?identifier=https://github.com/synthetichealth/synthea|48df8958-5f7e-3f9a-a43e-6ca6aa4cd55c,"MOUNT AUBURN PHYSICAL THERAPY ASSOCIATES, PC"
106,1ecc4dd6-fb60-332f-b380-5525a214cf62,Author,Practitioner?identifier=http://hl7.org/fhir/sid/us-npi|9999999129,Dr. Dulce933 Braun514,Organization?identifier=https://github.com/synthetichealth/synthea|5b7aa5b4-aa6f-3acc-bd96-01ce774cb614,Lowell Vet Center
107,1ecc4dd6-fb60-332f-b380-5525a214cf62,Transmitter,Practitioner?identifier=http://hl7.org/fhir/sid/us-npi|9999999129,Dr. Dulce933 Braun514,Organization?identifier=https://github.com/synthetichealth/synthea|5b7aa5b4-aa6f-3acc-bd96-01ce774cb614,Lowell Vet Center
108,61f324d3-9394-c400-522f-193d987ccca5,Author,Practitioner?identifier=http://hl7.org/fhir/sid/us-npi|9999919669,Dr. Hugo693 Kovacek682,Organization?identifier=https://github.com/synthetichealth/synthea|d280bb3c-0c3d-327f-aefd-45bce5923116,FOUNDATION MEDICAL PARTNERS INC.
109,61f324d3-9394-c400-522f-193d987ccca5,Transmitter,Practitioner?identifier=http://hl7.org/fhir/sid/us-npi|9999919669,Dr. Hugo693 Kovacek682,Organization?identifier=https://github.com/synthetichealth/synthea|d280bb3c-0c3d-327f-aefd-45bce5923116,FOUNDATION MEDICAL PARTNERS INC.
110,5ab458ae-8a44-8431-e829-5fd724deba3d,Author,Practitioner?identifier=http://hl7.org/fhir/sid/us-npi|9999993719,Dr. Krissy321 Pfeffer420,Organization?identifier=https://github.com/synthetichealth/synthea|98c716c1-1951-39a3-8c5e-fd57ac194208,PCP8861
111,5ab458ae-8a44-8431-e829-5fd724deba3d,Transmitter,Practitioner?identifier=http://hl7.org/fhir/sid/us-npi|9999993719,Dr. Krissy321 Pfeffer420,Organization?identifier=https://github.com/synthetichealth/synthea|98c716c1-1951-39a3-8c5e-fd57ac194208,PCP8861
112,00586597-77d5-1171-1d0e-0085d3d45b9f,Author,Practitioner?identifier=http://hl7.org/fhir/sid/us-npi|9999913779,Dr. Ling534 Gorczany269,Organization?identifier=https://github.com/synthetichealth/synthea|7ce8087e-978d-3fb3-bfee-545f335ad719,NESC BIDPO LLC
113,00586597-77d5-1171-1d0e-0085d3d45b9f,Transmitter,Practitioner?identifier=http://hl7.org/fhir/sid/us-npi|9999913779,Dr. Ling534 Gorczany269,Organization?identifier=https://github.com/synthetichealth/synthea|7ce8087e-978d-3fb3-bfee-545f335ad719,NESC BIDPO LLC
114,323e0545-ac92-2b15-1b82-5f5ef3cc8b94,Author,Practitioner?identifier=http://hl7.org/fhir/sid/us-npi|9999999449,Dr. Leesa210 Lehner980,Organization?identifier=https://github.com/synthetichealth/synthea|ff9a3795-40b1-35f9-b4dd-a85566d39072,PCP20300
115,323e0545-ac92-2b15-1b82-5f5ef3cc8b94,Transmitter,Practitioner?identifier=http://hl7.org/fhir/sid/us-npi|9999999449,Dr. Leesa210 Lehner980,Organization?identifier=https://github.com/synthetichealth/synthea|ff9a3795-40b1-35f9-b4dd-a85566d39072,PCP20300
116,6ed9290a-9241-03aa-cbb4-8611c78a09d5,Author,Practitioner?identifier=http://hl7.org/fhir/sid/us-npi|9999999499,Dr. Regena252 Kunde533,Organization?identifier=https://github.com/synthetichealth/synthea|7a334d76-d46e-304f-9609-50b321f31b65,PCP100060
117,6ed9290a-9241-03aa-cbb4-8611c78a09d5,Transmitter,Practitioner?identifier=http://hl7.org/fhir/sid/us-npi|9999999499,Dr. Regena252 Kunde533,Organization?identifier=https://github.com/synthetichealth/synthea|7a334d76-d46e-304f-9609-50b321f31b65,PCP100060
118,d516d89f-2dbb-7394-5f44-e3785c4fcd07,Author,Practitioner?identifier=http://hl7.org/fhir/sid/us-npi|9999927929,Dr. Timothy142 Stroman228,Organization?identifier=https://github.com/synthetichealth/synthea|9055e211-0e95-304d-ba46-875598879a84,AT CARE PLLC
119,d516d89f-2dbb-7394-5f44-e3785c4fcd07,Transmitter,Practitioner?identifier=http://hl7.org/fhir/sid/us-npi|9999927929,Dr. Timothy142 Stroman228,Organization?identifier=https://github.com/synthetichealth/synthea|9055e211-0e95-304d-ba46-875598879a84,AT CARE PLLC
120,0aeb6f95-d143-7f53-e7d2-6075ee3fa84e,Author,Practitioner?identifier=http://hl7.org/fhir/sid/us-npi|9999916179,Dr. Palmer257 Gaylord332,Organization?identifier=https://github.com/synthetichealth/synthea|34620b09-e72f-33e1-bf2c-0190724aa099,"UMASS MEMORIAL MEDICAL GROUP, INC."
121,0aeb6f95-d143-7f53-e7d2-6075ee3fa84e,Transmitter,Practitioner?identifier=http://hl7.org/fhir/sid/us-npi|9999916179,Dr. Palmer257 Gaylord332,Organization?identifier=https://github.com/synthetichealth/synthea|34620b09-e72f-33e1-bf2c-0190724aa099,"UMASS MEMORIAL MEDICAL GROUP, INC."
122,44901b80-52a7-b6f4-e256-d53ec57fb185,Author,Practitioner?identifier=http://hl7.org/fhir/sid/us-npi|9999916779,Dr. Robt687 Rodriguez71,Organization?identifier=https://github.com/synthetichealth/synthea|d8a0c506-011c-3ff1-b5b9-0ccfdf2846cb,MEDICAL CARE OF BOSTON MANAGEMENT CORPORATION
123,44901b80-52a7-b6f4-e256-d53ec57fb185,Transmitter,Practitioner?identifier=http://hl7.org/fhir/sid/us-npi|9999916779,Dr. Robt687 Rodriguez71,Organization?identifier=https://github.com/synthetichealth/synthea|d8a0c506-011c-3ff1-b5b9-0ccfdf2846cb,MEDICAL CARE OF BOSTON MANAGEMENT CORPORATION
124,5a91f8ee-51d8-de4d-737b-a7587ad25766,Author,Practitioner?identifier=http://hl7.org/fhir/sid/us-npi|9999999619,Dr. Olive251 Pollich983,Organization?identifier=https://github.com/synthetichealth/synthea|34031633-e7ec-3962-8a45-e2a8f77dcc92,MILFORD REGIONAL PHYSICIAN GROUP INC
125,5a91f8ee-51d8-de4d-737b-a7587ad25766,Transmitter,Practitioner?identifier=http://hl7.org/fhir/sid/us-npi|9999999619,Dr. Olive251 Pollich983,Organization?identifier=https://github.com/synthetichealth/synthea|34031633-e7ec-3962-8a45-e2a8f77dcc92,MILFORD REGIONAL PHYSICIAN GROUP INC
126,fe5ea216-166d-a7e5-5098-c6a9459a6757,Author,Practitioner?identifier=http://hl7.org/fhir/sid/us-npi|9999966269,Dr. Ema785 Quigley282,Organization?identifier=https://github.com/synthetichealth/synthea|21ed1061-d809-3fa9-a1bd-bd0b1a108a41,BAY STATE EXCELLENT VISION
127,fe5ea216-166d-a7e5-5098-c6a9459a6757,Transmitter,Practitioner?identifier=http://hl7.org/fhir/sid/us-npi|9999966269,Dr. Ema785 Quigley282,Organization?identifier=https://github.com/synthetichealth/synthea|21ed1061-d809-3fa9-a1bd-bd0b1a108a41,BAY STATE EXCELLENT VISION
128,7dabe304-fe46-b201-9240-071e70c91133,Author,Practitioner?identifier=http://hl7.org/fhir/sid/us-npi|9999996789,Dr. Carisa395 Koelpin146,Organization?identifier=https://github.com/synthetichealth/synthea|f45aa838-487d-320d-a6c4-fc0f4b968924,PCP4078
129,7dabe304-fe46-b201-9240-071e70c91133,Transmitter,Practitioner?identifier=http://hl7.org/fhir/sid/us-npi|9999996789,Dr. Carisa395 Koelpin146,Organization?identifier=https://github.com/synthetichealth/synthea|f45aa838-487d-320d-a6c4-fc0f4b968924,PCP4078
130,d15c0943-eb5d-1f9a-80c4-1c758c7e60f6,Author,Practitioner?identifier=http://hl7.org/fhir/sid/us-npi|9999999519,Dr. Winnie378 Witting912,Organization?identifier=https://github.com/synthetichealth/synthea|b6832708-a40f-3933-aa39-b57d26ab9b6a,PCP5398
131,d15c0943-eb5d-1f9a-80c4-1c758c7e60f6,Transmitter,Practitioner?identifier=http://hl7.org/fhir/sid/us-npi|9999999519,Dr. Winnie378 Witting912,Organization?identifier=https://github.com/synthetichealth/synthea|b6832708-a40f-3933-aa39-b57d26ab9b6a,PCP5398
132,3c5d2bb8-5b94-9500-bc32-1a4b4db587ee,Author,Practitioner?identifier=http://hl7.org/fhir/sid/us-npi|9999999579,Dr. Darrick836 Franecki195,Organization?identifier=https://github.com/synthetichealth/synthea|a0ece72d-53da-33d5-bdc8-07e94801d12e,PCP30989
133,3c5d2bb8-5b94-9500-bc32-1a4b4db587ee,Transmitter,Practitioner?identifier=http://hl7.org/fhir/sid/us-npi|9999999579,Dr. Darrick836 Franecki195,Organization?identifier=https://github.com/synthetichealth/synthea|a0ece72d-53da-33d5-bdc8-07e94801d12e,PCP30989
134,956d938a-3759-781e-909c-7cd86f60632b,Author,Practitioner?identifier=http://hl7.org/fhir/sid/us-npi|9999977679,Dr. Chante435 Barrows492,Organization?identifier=https://github.com/synthetichealth/synthea|b81ddc7b-030c-3fa7-acf6-4ae14c4a447e,PCP32963
135,956d938a-3759-781e-909c-7cd86f60632b,Transmitter,Practitioner?identifier=http://hl7.org/fhir/sid/us-npi|9999977679,Dr. Chante435 Barrows492,Organization?identifier=https://github.com/synthetichealth/synthea|b81ddc7b-030c-3fa7-acf6-4ae14c4a447e,PCP32963
136,bf8a7374-a930-7329-6ba1-e68f82a43642,Author,Practitioner?identifier=http://hl7.org/fhir/sid/us-npi|9999999649,Dr. Alix578 Lynch190,Organization?identifier=https://github.com/synthetichealth/synthea|6725cc67-119b-38a5-9fc8-c104c2b7f993,PCP364
137,bf8a7374-a930-7329-6ba1-e68f82a43642,Transmitter,Practitioner?identifier=http://hl7.org/fhir/sid/us-npi|9999999649,Dr. Alix578 Lynch190,Organization?identifier=https://github.com/synthetichealth/synthea|6725cc67-119b-38a5-9fc8-c104c2b7f993,PCP364
138,c71645cc-5eb8-0170-d7f5-d399ec9b9088,Author,Practitioner?identifier=http://hl7.org/fhir/sid/us-npi|9999999469,Dr. Alta896 Schiller186,Organization?identifier=https://github.com/synthetichealth/synthea|ad959a45-ed37-3416-9178-dcb88d9fc53a,PCP229490
139,c71645cc-5eb8-0170-d7f5-d399ec9b9088,Transmitter,Practitioner?identifier=http://hl7.org/fhir/sid/us-npi|9999999469,Dr. Alta896 Schiller186,Organization?identifier=https://github.com/synthetichealth/synthea|ad959a45-ed37-3416-9178-dcb88d9fc53a,PCP229490
140,70e20fd8-61ff-4825-c4a1-38eb259b01f1,Author,Practitioner?identifier=http://hl7.org/fhir/sid/us-npi|9999999849,Dr. Dinah304 Schaefer657,Organization?identifier=https://github.com/synthetichealth/synthea|b0001afb-4ac8-31f8-84c8-5496feb2613b,PCP27358
141,70e20fd8-61ff-4825-c4a1-38eb259b01f1,Transmitter,Practitioner?identifier=http://hl7.org/fhir/sid/us-npi|9999999849,Dr. Dinah304 Schaefer657,Organization?identifier=https://github.com/synthetichealth/synthea|b0001afb-4ac8-31f8-84c8-5496feb2613b,PCP27358
142,dccdb0e7-d56c-8b49-06b4-7067868f48bb,Author,Practitioner?identifier=http://hl7.org/fhir/sid/us-npi|9999945679,Dr. Reinaldo138 Jast432,Organization?identifier=https://github.com/synthetichealth/synthea|448ad6f9-2331-38dc-ab08-ae3c8523f143,PCP167138
143,dccdb0e7-d56c-8b49-06b4-7067868f48bb,Transmitter,Practitioner?identifier=http://hl7.org/fhir/sid/us-npi|9999945679,Dr. Reinaldo138 Jast432,Organization?identifier=https://github.com/synthetichealth/synthea|448ad6f9-2331-38dc-ab08-ae3c8523f143,PCP167138
144,f20c3688-6a49-786b-3782-358573cafa7c,Author,Practitioner?identifier=http://hl7.org/fhir/sid/us-npi|9999999809,Dr. Marvin195 Glover433,Organization?identifier=https://github.com/synthetichealth/synthea|58f5b392-6bfd-3c4a-bfd6-061e7cf396b2,PCP44672
145,f20c3688-6a49-786b-3782-358573cafa7c,Transmitter,Practitioner?identifier=http://hl7.org/fhir/sid/us-npi|9999999809,Dr. Marvin195 Glover433,Organization?identifier=https://github.com/synthetichealth/synthea|58f5b392-6bfd-3c4a-bfd6-061e7cf396b2,PCP44672
146,7d6ce949-5765-e6c3-9cc1-45c761c0a180,Author,Practitioner?identifier=http://hl7.org/fhir/sid/us-npi|9999956729,Dr. Jewell855 Brekke496,Organization?identifier=https://github.com/synthetichealth/synthea|bf5337c8-10a7-3f86-8dca-dbc83a4736e5,PCP98670
147,7d6ce949-5765-e6c3-9cc1-45c761c0a180,Transmitter,Practitioner?identifier=http://hl7.org/fhir/sid/us-npi|9999956729,Dr. Jewell855 Brekke496,Organization?identifier=https://github.com/synthetichealth/synthea|bf5337c8-10a7-3f86-8dca-dbc83a4736e5,PCP98670
148,9a057c7d-d282-9fda-05a6-e87b7861b4c4,Author,Practitioner?identifier=http://hl7.org/fhir/sid/us-npi|9999999149,Dr. Olympia319 Hickle134,Organization?identifier=https://github.com/synthetichealth/synthea|3fbe3da9-8e41-3118-a253-7e2d1b46480f,Brockton Vet Center
149,9a057c7d-d282-9fda-05a6-e87b7861b4c4,Transmitter,Practitioner?identifier=http://hl7.org/fhir/sid/us-npi|9999999149,Dr. Olympia319 Hickle134,Organization?identifier=https://github.com/synthetichealth/synthea|3fbe3da9-8e41-3118-a253-7e2d1b46480f,Brockton Vet Center
150,5b330639-2912-847e-4c49-07fdf9d10935,Author,Practitioner?identifier=http://hl7.org/fhir/sid/us-npi|9999999479,Dr. Demetrice140 Crooks415,Organization?identifier=https://github.com/synthetichealth/synthea|af3c8657-15b8-3fee-b656-2ea1f1cb61ef,PCP28562
151,5b330639-2912-847e-4c49-07fdf9d10935,Transmitter,Practitioner?identifier=http://hl7.org/fhir/sid/us-npi|9999999479,Dr. Demetrice140 Crooks415,Organization?identifier=https://github.com/synthetichealth/synthea|af3c8657-15b8-3fee-b656-2ea1f1cb61ef,PCP28562
152,281f4911-a34a-80a3-b6cc-37e6905c714e,Author,Practitioner?identifier=http://hl7.org/fhir/sid/us-npi|9999952149,Dr. James276 Witting912,Organization?identifier=https://github.com/synthetichealth/synthea|1be0f903-835f-3472-8ddb-ec66b56cd4aa,PCP126177
153,281f4911-a34a-80a3-b6cc-37e6905c714e,Transmitter,Practitioner?identifier=http://hl7.org/fhir/sid/us-npi|9999952149,Dr. James276 Witting912,Organization?identifier=https://github.com/synthetichealth/synthea|1be0f903-835f-3472-8ddb-ec66b56cd4aa,PCP126177
154,d087d8bd-56a0-4fa0-6ef8-f1e854611ceb,Author,Practitioner?identifier=http://hl7.org/fhir/sid/us-npi|9999999839,Dr. Jame231 Jacobi462,Organization?identifier=https://github.com/synthetichealth/synthea|fafc870c-ada6-3652-9533-a5acdbd24682,"EYE EXAMS, LLC"
155,d087d8bd-56a0-4fa0-6ef8-f1e854611ceb,Transmitter,Practitioner?identifier=http://hl7.org/fhir/sid/us-npi|9999999839,Dr. Jame231 Jacobi462,Organization?identifier=https://github.com/synthetichealth/synthea|fafc870c-ada6-3652-9533-a5acdbd24682,"EYE EXAMS, LLC"
156,154d97b0-f436-3b38-89d1-d214cb8df6fa,Author,Practitioner?identifier=http://hl7.org/fhir/sid/us-npi|9999999139,Dr. Jeff859 Kreiger457,Organization?identifier=https://github.com/synthetichealth/synthea|515117f0-f62e-36da-90e9-a004b40b2260,Cape Cod Vet Center
157,154d97b0-f436-3b38-89d1-d214cb8df6fa,Transmitter,Practitioner?identifier=http://hl7.org/fhir/sid/us-npi|9999999139,Dr. Jeff859 Kreiger457,Organization?identifier=https://github.com/synthetichealth/synthea|515117f0-f62e-36da-90e9-a004b40b2260,Cape Cod Vet Center
